LÄNSKOD;KOMMUNKOD;LÄNSNAMN;KOMMUNNAMN;M;C;L;KD;S;V;MP;SD;FI;AfS;BASIP;CSIS;DD;DjuP;EAP;ENH;FHS;Gup;INI;KLP;KrVP;LPo;MED;NMR;NORRP;NYREF;PP;RNP;S-FRP;SKP;SKÅ;TRP;VL-S;ÖVR;OGEJ;BLANK;OG;RÖSTER GILTIGA;RÖSTANDE;RÖSTBERÄTTIGADE;VALDELTAGANDE
1;14;Stockholms län;Upplands Väsby;23,11;6,26;5,66;6,71;26,97;8,01;3,92;18,04;0,37;0,31;;;0,09;0,04;;0,04;;;;0,02;0,07;0,01;0,19;0,08;;;0,07;;0,02;0,01;;;;;0,04;0,69;0,06;25830;26036;30740;84,7
1;15;Stockholms län;Vallentuna;28,29;10,11;7,73;7,58;18,91;4,47;4,85;16,63;0,27;0,37;;;0,1;0,1;;0,1;;;0,01;0,01;;0,03;0,25;0,06;;;0,1;;;0;;0;;0;0,02;0,59;0,08;20952;21099;23438;90,02
1;17;Stockholms län;Österåker;29,68;9,35;7,48;7,13;19,71;4,97;4,44;16,09;0,3;0,27;;;0,05;0,02;;0,09;;;0,01;;0;0;0,31;0,02;;;0,05;;;0,02;;;;0,01;0,03;0,69;0,13;27711;27947;31309;89,26
1;20;Stockholms län;Värmdö;27,49;9,76;6,4;5,89;20,48;6,02;5,41;17,19;0,36;0,29;0;;0,07;0,07;;0,15;;;0,02;0,01;0,04;0,01;0,24;0,03;;;0,04;;;0;;;;0,01;0,04;0,67;0,07;28115;28335;31371;90,32
1;23;Stockholms län;Järfälla;23,96;6,31;6,04;6,29;27,68;8,75;4,54;15;0,34;0,33;;;0,08;0,03;;0,05;;;0,01;0,01;0,17;0,01;0,21;0,04;;0;0,1;;0,01;0,03;;0;;0,02;0,04;0,53;0,07;45654;45948;53230;86,32
1;25;Stockholms län;Ekerö;28,12;11,24;7,64;7,85;17,17;4,76;5,7;16,21;0,34;0,35;0,01;;0,1;0,03;;0,04;;;0,01;0,02;0,04;;0,31;0,01;;;0,04;;0,01;0,01;;;;0,01;0,01;0,64;0,08;17814;17946;19472;92,16
1;26;Stockholms län;Huddinge;24,07;7,52;6,14;5,35;26,1;8,63;5,32;15,17;0,49;0,42;0,01;;0,1;0,04;0;0,05;;;0,02;0,04;0,06;0;0,29;0,03;;0;0,13;;;0,01;;;;0,01;0,04;0,58;0,07;61440;61869;72839;84,94
1;27;Stockholms län;Botkyrka;18,52;5,19;4,39;8,13;32,34;9,85;3,85;16,05;0,44;0,27;0,04;;0,06;0,17;0;0,06;;;0,02;0;0,11;0,01;0,19;0,03;;0,01;0,17;;;0,04;;;;0,06;0,03;0,64;0,05;45393;45719;58436;78,24
1;28;Stockholms län;Salem;24,84;7,61;7,58;7,98;23,07;5,98;4,48;16,88;0,32;0,31;0,01;;0,05;0,03;;0,06;;;;0,03;0,15;;0,34;0,04;;;0,22;;;0,02;;;;;0,04;0,75;0,02;9985;10066;11463;87,81
1;36;Stockholms län;Haninge;22,94;6,06;5,11;5,36;27,29;7,99;3,71;19,89;0,38;0,45;0,02;;0,09;0,13;;0,06;;;0;0,03;0,06;0,02;0,22;0,05;;0;0,12;;0,01;0,01;;0;;0,01;0,05;0,79;0,05;50484;50940;59890;85,06
1;38;Stockholms län;Tyresö;25,84;7,93;6,94;5,75;23,87;6,37;5,41;16,33;0,38;0,32;;;0,09;0,15;0,01;0,08;;;0;0,01;0,04;0,01;0,31;0,02;;;0,15;;;0,01;;;;0;0,03;0,64;0,06;30260;30482;33776;90,25
1;39;Stockholms län;Upplands-Bro;23,16;6,01;5,43;7,54;26,16;6,65;3,25;20,11;0,34;0,43;;;0,05;0,11;;0,07;;;0,01;0,01;0,2;0,01;0,29;0,06;;;0,06;;0,02;0,01;;;;0,01;0,04;0,75;0,05;16366;16506;19023;86,77
1;40;Stockholms län;Nykvarn;27,24;7,65;4,56;6,06;22,42;3,52;2,98;24,55;0,25;0,37;;;;0,01;;0,1;;;0,03;0,01;0,03;0,03;0,13;0,03;;;0,03;;;;;;;;;0,93;0,07;6847;6916;7623;90,73
1;60;Stockholms län;Täby;35,97;10,98;10,71;8,31;13,99;3,2;4,11;11,41;0,26;0,33;;;0,05;0,05;;0,04;;;0;0,02;0,09;0;0,35;0,02;;;0,07;;;0,01;;;;0,01;0,01;0,44;0,04;46386;46616;51157;91,12
1;62;Stockholms län;Danderyd;41,59;11,28;11,19;10,1;8,04;2,36;3,77;10,33;0,28;0,32;0,01;;0,05;0,05;;0,04;;;0,05;0,02;0,11;0;0,36;0,01;;;0,06;;;0,01;;;;;0,03;0,24;0,03;21897;21961;23891;91,92
1;63;Stockholms län;Sollentuna;28,07;10,18;8,97;7,53;20,85;6,49;5,25;11,24;0,33;0,35;0,01;;0,1;0,02;;0,07;;;0,02;0,02;0,06;0;0,3;0,01;;;0,08;;0;0,04;;;;0,01;0,03;0,5;0,06;43676;43934;49597;88,58
1;80;Stockholms län;Stockholm;21,88;9,07;7,85;4,87;23,76;13,12;7,7;9,84;0,71;0,36;0,01;;0,08;0,07;0;0,07;;;0,03;0,03;0,05;0,01;0,29;0,02;;0;0,14;;0;0,02;;;;0,01;0,04;0,49;0,06;611206;614860;704157;87,32
1;81;Stockholms län;Södertälje;19,81;5,86;4,45;11,17;27,18;7,7;4,51;17,49;0,49;0,35;0,02;;0,09;0,03;0,01;0,17;;;0,04;0,01;0,22;0,02;0,21;0,05;;0,01;0,1;;;0;;;;0;0,03;0,76;0,06;48273;48684;62783;77,54
1;82;Stockholms län;Nacka;28,73;12,18;8,41;6,1;19,37;6,54;6,54;10,76;0,41;0,28;0;;0,07;0,06;0;0,06;;;0,02;0,02;0,03;0,01;0,3;0,02;;0;0,07;;;0;;;;0;0,03;0,49;0,04;64101;64465;71629;90
1;83;Stockholms län;Sundbyberg;22,37;8,05;7,06;5,03;26,6;11,04;5,97;12,24;0,43;0,39;;;0,09;0,13;;0,09;;;0,01;0,01;0,05;0;0,27;0,02;;;0,13;;0,01;0,01;;;;0,01;0,03;0,59;0,05;29807;30009;35047;85,63
1;84;Stockholms län;Solna;23,71;9,03;8,12;5,8;24;9,89;6,35;11,3;0,57;0,35;;;0,09;0,04;0;0,07;;;0,03;0,06;0,05;0;0,36;0,02;;0;0,13;;0,01;0,03;;;;0;0,03;0,46;0,06;50510;50788;58093;87,43
1;86;Stockholms län;Lidingö;36,02;11,79;10,78;8,59;12,35;3,5;4,94;10,96;0,25;0,25;;;0,04;0,01;0,01;0,03;;;0,02;0,01;0,02;0,01;0,36;0,01;;;0,05;;;;;;;;0,01;0,28;0,04;31032;31138;34536;90,16
1;87;Stockholms län;Vaxholm;30,31;13,3;7,76;7,9;16,37;4,7;5,5;13,05;0,3;0,16;;;0,04;0,04;;0,12;;;;0,01;;;0,31;0,06;;;0,06;;;;;;;0,01;0,04;0,48;0,06;8106;8153;8791;92,74
1;88;Stockholms län;Norrtälje;22,23;9,6;4,74;5,92;26,24;6,21;3,76;19,89;0,35;0,33;0,01;;0,08;0,03;;0,08;;;0,01;0,04;0,01;0,18;0,14;0,08;;;0,06;;;0;;;;0;0,02;1,09;0,02;41174;41643;47811;87,1
1;91;Stockholms län;Sigtuna;24,66;6,65;4,93;7,56;25,49;6,39;3,45;19,28;0,31;0,39;0;;0,09;0,15;;0,05;;;0,01;0,02;0,07;0,03;0,24;0,06;;;0,14;;;;;;;0,02;0,04;0,68;0,04;25576;25772;31071;82,95
1;92;Stockholms län;Nynäshamn;21,05;6,44;4,49;5,82;27,28;6,76;3,76;23,08;0,28;0,35;0,01;;0,06;0,02;;0,1;;;0,02;0,02;0,03;0,02;0,21;0,04;;;0,16;;;0,01;;;;;0,05;0,85;0,07;17642;17815;20606;86,46
3;5;Uppsala län;Håbo;26,56;7,1;5,35;6,51;21,13;5,2;2,8;24,17;0,17;0,25;0,02;;0,08;0,03;;0,19;;;;0,01;0,04;0,03;0,16;0,1;;;0,07;;0,01;;;;;0,01;0,01;0,92;0,07;13395;13530;15185;89,1
3;19;Uppsala län;Älvkarleby;11,65;4,41;3,43;4,28;39,27;6,82;2,21;26,74;0,25;0,33;;;0,15;0,05;;0,1;;;;0,02;0,03;0,07;0,03;0,1;;;0,05;;;;;;;;;1,2;0,08;6009;6087;6955;87,52
3;30;Uppsala län;Knivsta;23,31;10,7;7,24;8,55;20,83;5,42;5,44;16,92;0,51;0,33;;;0,07;0,04;0,01;0,05;;;;0,04;0,04;0,06;0,26;0,04;;;0,13;;;;;;;0,01;0,04;0,62;0,03;11276;11353;12429;91,34
3;31;Uppsala län;Heby;13,78;13,2;2,98;8,01;29,14;5,54;2,35;22,88;0,6;0,44;;;0,09;0,06;;0,12;;;0,01;;0,03;0,45;0,18;0,02;;;0,13;;;;;;;;0,03;1,38;0,04;9064;9198;10607;86,72
3;60;Uppsala län;Tierp;13,79;11,34;3,12;5,41;33,88;6,61;2,72;20,94;0,43;0,47;0,01;;0,1;0,04;;0,13;;;;0,01;0,04;0,65;0,15;0,04;;;0,1;;;;;;;0,01;0,05;1;0,02;13802;13951;15945;87,49
3;80;Uppsala län;Uppsala;18,42;8,93;7,41;6,9;26,48;10,98;7,21;11,52;0,76;0,35;0,01;;0,1;0,03;0;0,06;;;0,01;0,05;0,07;0,23;0,27;0,03;;;0,13;;0;0,05;;0;;0,01;0,03;0,61;0,03;144667;145641;162767;89,48
3;81;Uppsala län;Enköping;22,92;9,99;4,58;6,57;26,08;4,72;3,11;20,35;0,38;0,39;;;0,11;0,01;;0,1;;;0,01;0,01;0,03;0,22;0,21;0,04;;;0,15;;;0,02;;;;0,01;0,03;0,78;0,07;28462;28715;32735;87,72
3;82;Uppsala län;Östhammar;17,42;8,82;4,08;8,44;30,91;5,06;2,55;21,12;0,3;0,34;;;0,11;0,03;;0,09;;;0,01;0,01;0,04;0,49;0,09;0,01;;;0,07;;;0,01;;;;0,02;0,03;0,98;0,03;14814;14969;17275;86,65
4;28;Södermanlands län;Vingåker;15,73;7,04;2,64;6,14;33,38;7,09;2,76;24,35;0,25;0,24;;;0,03;0,03;;0,08;;;;;0,02;0,12;0,03;0,05;;;0,02;;;;;;;;0,08;0,92;0,07;5913;5977;6755;88,48
4;61;Södermanlands län;Gnesta;20,17;10,72;3,46;5,13;25,8;8,26;5,38;18,79;1,19;0,3;;;0,1;0,06;;0,28;;;0,04;;0,07;;0,15;0,06;;;0,01;;;;;;;0,03;0,1;1,03;0,11;7217;7307;8263;88,43
4;80;Södermanlands län;Nyköping;20,08;8,54;4,51;6,43;31,96;6,44;4,48;16,11;0,41;0,42;0,01;;0,1;0,04;;0,05;;;0,01;0,04;0,02;0,07;0,14;0,08;;;0,05;;;;;;;0;0,03;0,83;0,06;36687;37029;41758;88,68
4;81;Södermanlands län;Oxelösund;15,89;4,24;3,31;4,73;39,67;8,83;3,07;18,81;0,4;0,45;;;0,11;;;0,01;;;;0,01;;0,01;0,2;0,04;;;0,2;;;;;;;0,01;0,01;1,02;0,09;7545;7631;8803;86,69
4;82;Södermanlands län;Flen;16,86;8,3;3,18;5,59;32,99;6,92;3,51;21,25;0,29;0,43;0,01;;0,04;;;0,07;;;0,01;0,01;0,07;0,16;0,14;0,06;;;0,09;;;;;;;0,02;0,03;0,82;0,02;10118;10207;11871;85,98
4;83;Södermanlands län;Katrineholm;17,35;8,02;3,79;5,3;37,32;5,99;3,25;17,8;0,29;0,4;;;0,07;0,01;;0,06;;;;0,01;0;0,1;0,16;0,03;;;0,06;;;0;;;;0,01;0,01;1,02;0,04;21583;21816;25171;86,67
4;84;Södermanlands län;Eskilstuna;19,92;5,92;4,74;4,83;32,24;6,84;3,26;20,96;0,3;0,3;0;;0,07;0,04;;0,08;;;0,02;0,03;0,02;0,03;0,26;0,03;;;0,08;;;0;;;;0;0,04;0,92;0,08;62678;63335;74782;84,69
4;86;Södermanlands län;Strängnäs;26,71;8,04;4,92;5,88;23,57;5,99;3,85;19,81;0,22;0,32;;;0,06;0,02;0;0,12;;;0,01;0,01;;0,13;0,19;0,04;;;0,08;;;;;;;0,01;0,02;0,96;0,06;22844;23084;26105;88,43
4;88;Södermanlands län;Trosa;27,15;9,18;4,68;6,3;23,39;5,3;4,13;18,8;0,36;0,17;;;0,07;0,01;;0,1;;;0,01;0,02;0,02;0,01;0,24;0,03;;;0,02;;;;;;;;0,07;0,59;0,03;8864;8926;9862;90,51
5;9;Östergötlands län;Ödeshög;16,65;10,26;2,31;15,07;26,1;4,13;2,59;20,87;0,65;0,53;;;0,08;0,06;;0,22;;;;0,03;;0,11;0,06;0,03;;;0,08;;;;;0,11;;0,06;;0,7;0,03;3556;3582;4031;88,86
5;12;Östergötlands län;Ydre;15,83;14,91;3,63;12,39;22,86;5,47;2,98;20,49;0,46;0,19;;;;;;0,11;;;;;0,04;0,42;0,08;0,04;;;0,11;;;;;;;;0,04;0,46;;2616;2629;2881;91,25
5;13;Östergötlands län;Kinda;16,88;12,18;3,57;7,98;27,48;5,94;3,75;20,6;0,21;0,17;0,03;;0,06;0,03;;0,2;;;0,02;0,02;;0,68;0,05;0,02;;;0,15;;;;;;;;;1,01;0,03;6664;6734;7556;89,12
5;60;Östergötlands län;Boxholm;15,03;9,55;2,73;5,78;37,68;4,94;2,51;19,68;0,32;0,32;0,35;;0,19;0,05;0,03;0,24;;;;;;0,24;0,11;0,03;;;0,22;;;;;;;;0,03;1,23;;3705;3752;4212;89,08
5;61;Östergötlands län;Åtvidaberg;16,56;9,71;4,04;5,93;33,42;4,99;2,87;21,28;0,29;0,2;0,02;;0,04;;;0,07;;;;0,01;0,01;0,3;0,15;0,04;;;0,06;;;;;;;;0,02;1,04;0,02;8013;8101;9074;89,28
5;62;Östergötlands län;Finspång;15,13;6,46;3,44;6,27;36,67;7,43;2,48;20,5;0,33;0,36;0,01;0,01;0,07;0,14;;0,06;;;;0,04;0,06;0,18;0,22;0,03;;;0,09;;;;;0,01;;0,01;0,04;1,02;0,05;14285;14445;16450;87,81
5;63;Östergötlands län;Valdemarsvik;17,31;10,6;2,7;7,19;30,08;5,39;2,03;23,28;0,15;0,2;;;0,04;0,04;;0,07;;;0,02;;0,07;0,48;0,15;0,04;;;0,11;;;;;0,04;;0,02;0,02;1,14;0,02;5379;5443;6157;88,4
5;80;Östergötlands län;Linköping;22,19;9,65;7,16;6,49;27,55;6,43;5,64;13,17;0,44;0,32;0,01;;0,14;0,07;;0,05;;;0;0,05;0,04;0,05;0,34;0,02;;;0,18;;;0;;0,03;;0,01;0,03;0,74;0,04;105664;106534;119438;89,2
5;81;Östergötlands län;Norrköping;20,46;6,5;4,81;6,44;28,34;8,13;4,04;19,61;0,47;0,32;0,01;;0,08;0,07;;0,09;;;0;0,05;0,05;0,14;0,21;0,03;;0;0,1;;;0,01;;0,02;;0,01;0,03;0,82;0,05;89045;89860;104100;86,32
5;82;Östergötlands län;Söderköping;21,68;10,91;4,97;7,84;22,42;5,52;3,5;21,89;0,23;0,25;0,02;;0,07;0,02;;0,16;;;0,02;0,01;0,02;0,25;0,14;0,01;;;0,05;;;;;0,02;;;;0,91;0,05;9955;10051;11183;89,88
5;83;Östergötlands län;Motala;19,51;6,79;4,43;6,23;32,67;6,35;2,67;20,32;0,31;0,2;0,01;;0,04;0,03;;0,05;;;0;0,01;0,01;0,09;0,13;0,05;;;0,04;;;;;0,06;;0,01;0,02;1,05;0,06;28450;28775;32611;88,24
5;84;Östergötlands län;Vadstena;22,53;9,25;3,74;7,34;29,08;5,91;3,92;16,86;0,54;0,26;0,02;;0,06;0,06;;0,08;;;;;0,06;0,09;0,08;0,02;;;0,09;;;;;0,02;;;0,09;0,74;0,06;5327;5375;6026;89,2
5;86;Östergötlands län;Mjölby;20,28;8,17;4,43;6,41;31,7;5,68;2,83;19,41;0,28;0,25;0,01;;0,06;0,07;;0,05;;;0,01;0,02;0,04;0,07;0,15;0,03;;;0,05;;;;;0,01;;0,01;0,02;1,07;0,04;18119;18326;20677;88,63
6;4;Jönköpings län;Aneby;16,19;12,78;3,39;14,54;23,92;4,01;2,34;21,11;0,2;0,42;0,02;;0,04;;;0,2;;;;0,02;0,36;0,16;0,16;0,09;;;0,02;;;;;;;0,02;;0,84;;4485;4523;5029;89,94
6;17;Jönköpings län;Gnosjö;18,46;9,77;3,19;14,96;26,32;2,84;1,84;21,78;0,15;0,24;;;0,05;;;0,05;;;;;0,12;0,03;0,14;;;;0,05;;;;;;;;;0,86;0,05;5855;5909;6871;86
6;42;Jönköpings län;Mullsjö;14,12;6,99;2,63;17,91;25,3;5,37;4;22,08;0,17;0,27;0,12;;0,06;;;0,15;;;;;0,19;0,15;0,19;;;;0,31;;;;;;;;0,02;0,99;;4823;4872;5440;89,56
6;43;Jönköpings län;Habo;19,73;8,77;4,22;15,13;23,74;3,91;3,36;20,01;0,19;0,32;0,01;;0,04;;;0,1;;;;0,01;0,15;0,17;0,09;0,01;;;0,03;;;;;;;;0,06;0,88;0,06;7746;7825;8382;93,35
6;62;Jönköpings län;Gislaved;18,37;11,89;3,19;7,85;29,42;3,93;2,25;22,28;0,15;0,18;;;0,05;0,01;0,01;0,03;;;;0,01;0,01;0,1;0,17;0,04;;;0,05;;;0,01;;;;0,01;0,06;0,97;0,04;17752;17944;21068;85,17
6;65;Jönköpings län;Vaggeryd;15,26;10,35;3,59;13,05;29,33;4,16;2,64;20,38;0,17;0,34;;;0,09;0,01;;0,09;;;;0,02;0,23;0,02;0,16;0,02;;;0,05;;;0,02;;;;0,01;0,02;0,89;0,02;8813;8896;10108;88,01
6;80;Jönköpings län;Jönköping;18,62;9,21;4,64;12,25;27,62;5,91;4,16;16,38;0,36;0,25;0;;0,07;0,02;;0,07;;;0;0,03;0,12;0,03;0,16;0,01;;;0,07;;;;;;;0,01;0,02;0,73;0,04;90129;90846;102880;88,3
6;82;Jönköpings län;Nässjö;15,41;8,42;3,46;10,77;29,38;5,4;2,87;22,91;0,32;0,35;;;0,07;0,02;;0,05;;;;0,02;0,12;0,13;0,15;0,06;;;0,09;;;;;;;0,01;0,02;0,87;0,02;19397;19573;22254;87,95
6;83;Jönköpings län;Värnamo;18,1;12,59;3,58;11,55;28,45;3,75;2,54;18,4;0,15;0,31;0;;0,07;0,01;;0,04;;;0;0,01;0,18;0,08;0,13;0,01;;;0,05;;;;;;;;0,01;0,87;0,06;22268;22480;25634;87,7
6;84;Jönköpings län;Sävsjö;16,42;9,89;2,36;17,94;22,05;3,17;1,66;25,55;0,13;0,33;;;0,04;;;0,03;;;;0,01;0,2;0,13;0,03;0,01;;;0,03;;;;;;;;;0,96;0,04;7028;7099;8117;87,46
6;85;Jönköpings län;Vetlanda;16,93;10,94;3,48;11,57;27,81;3,91;2,13;22,14;0,21;0,3;;;0,03;0,02;;0,06;;;;0,02;0,05;0,15;0,08;0,04;;;0,09;;;0,01;;;;0,01;0,02;0,89;0,02;17711;17878;20267;88,21
6;86;Jönköpings län;Eksjö;16,96;12,42;4,37;10,54;26,69;4,73;3,16;19,6;0,22;0,27;;;0,07;0,02;;0,07;;;;;0,11;0,23;0,25;0,04;;;0,26;;;;;;;;0,01;1,21;0,03;11294;11437;12932;88,44
6;87;Jönköpings län;Tranås;16,7;9,18;3,98;9,15;31,67;5,35;3,09;19,49;0,2;0,37;0,03;;0,06;0,06;;0,06;;;;0,01;0,2;0,02;0,18;0,02;;;0,2;;;;;;;;0,02;0,84;0,03;12279;12390;13999;88,51
7;60;Kronobergs län;Uppvidinge;14,61;11,87;2,21;7,34;28,82;5,88;1,69;26,24;0,17;0,4;0,02;;0,03;0,02;;0,09;;;;0,02;0,03;0,31;0,19;0,02;;;0,02;;;;;;;;0,07;1,53;0,05;5735;5831;6716;86,82
7;61;Kronobergs län;Lessebo;13,62;7,26;2,54;5,44;38,35;7,15;2,48;22,13;0,32;0,28;0,02;;0,06;0,02;;0,04;;;;;;0,06;0,1;0,06;;;0,04;;;;;;;0,02;0,06;1,21;0,08;4962;5030;5732;87,75
7;63;Kronobergs län;Tingsryd;15,65;11,65;1,79;8,36;27,32;4,82;2;27,1;0,3;0,39;;;0,09;0,03;0,01;0,08;;;;0,04;0,03;0,16;0,11;;;;0,03;;;;0,01;;;0,03;;1,12;0,08;7881;7976;9205;86,65
7;64;Kronobergs län;Alvesta;17,77;9,12;2,85;7,43;28,64;5;2,61;25,14;0,24;0,42;0,1;;0,03;0,02;;0,15;;;0,04;0,01;0,07;0,11;0,13;0,04;;;0,06;0,02;;;;;;;0,02;0,89;0,05;12331;12450;14097;88,32
7;65;Kronobergs län;Älmhult;18,66;11,14;3,38;7,05;29,56;4,84;2,98;21,34;0,2;0,17;;;0,1;0,01;;0,06;;;;;0,04;0,27;0,09;0,02;;;0,09;;;;;;;0,01;0,05;0,89;0,04;10067;10166;11588;87,73
7;67;Kronobergs län;Markaryd;16,51;6,23;1,82;10,58;27,04;3,13;1,57;31,53;0,22;0,22;;;0,18;;;0,03;;;;0,12;0,25;0,39;0,07;0,03;;;0,08;;;;;;;;0,03;1,16;0,02;5973;6046;7052;85,73
7;80;Kronobergs län;Växjö;21,37;9,15;4,43;7,18;30,01;7,19;4,16;15,38;0,32;0,28;0,01;;0,09;0,03;;0,08;;;0,01;0,01;0,02;0,04;0,14;0,02;;;0,05;0;;0,01;;;;0,01;0,01;0,71;0,03;59550;60003;67177;89,32
7;81;Kronobergs län;Ljungby;18,62;9,34;3,05;8,48;28,31;4,9;2,48;23,4;0,22;0,34;0,01;;0,08;0,02;;0,09;;;0,01;0,07;0,12;0,23;0,15;0,02;;;0,07;;;0,01;;;;0,01;0,02;1,06;0,05;18071;18278;21030;86,91
8;21;Kalmar län;Högsby;14,97;9,78;1,53;7,56;31,82;5,28;1,53;26,69;0,14;0,2;;;0,03;;;0,03;;;;0,06;;0,14;0,14;;;;0,09;;;;;;;;0,03;0,77;0,06;3466;3496;4071;85,88
8;34;Kalmar län;Torsås;12,73;11,99;2,86;7,37;28,68;4,43;2,08;28,77;0,23;0,21;0,02;;0,04;0,02;;0,04;;;;0,02;0,06;0,13;0,28;0,02;;;0,02;;;;;;;;;0,76;;4721;4757;5409;87,95
8;40;Kalmar län;Mörbylånga;18,53;11,22;3,92;7,32;27,13;5,91;4,03;20,58;0,34;0,23;;;0,04;0,04;;0,09;;;0,02;;0,13;0,11;0,18;0,02;;;0,06;;;0,01;;0,09;;0,01;0,01;0,94;0,04;10367;10470;11419;91,69
8;60;Kalmar län;Hultsfred;13,87;10,62;1,84;9,38;33,61;5,89;1,58;21,83;0,12;0,52;0,01;;0,01;;;0,02;;;;0,07;0,09;0,22;0,07;0,08;;;0,16;;;;;;;0,01;0,06;0,88;0,02;8661;8745;10187;85,84
8;61;Kalmar län;Mönsterås;13,84;10,02;3,06;6,49;31,87;5,31;2,09;26,27;0,17;0,39;;;0,07;0,02;;0,04;;;0,01;;0,01;0,08;0,1;0,02;;;0,12;;;;;;;0,01;0,03;1,03;0,04;8911;9011;10095;89,26
8;62;Kalmar län;Emmaboda;14,39;11,42;2,45;6,12;33,54;5,78;2,42;22,3;0,34;0,49;;;0,07;;;0,15;;;0,03;0,03;;0,15;0,14;0,07;;;0,08;;;;;;;0,03;0,02;1,33;;5919;6000;6900;86,96
8;80;Kalmar län;Kalmar;19,71;9,2;4,91;6,55;30,35;6,71;4,17;17,09;0,4;0,3;0;;0,09;0,03;;0,09;;;0,02;0,01;0,04;0,03;0,2;0,02;;;0,08;;;0,01;;0;;;0,03;0,83;0,03;45641;46053;51639;89,18
8;81;Kalmar län;Nybro;14,76;10,21;2,89;7,5;32,75;5,93;1,81;22,71;0,32;0,49;;;0,06;0,02;;0,13;;;;0,02;0,1;0,09;0,15;0,02;;;0,05;;;;;;;0,01;0,02;1,2;0,02;12697;12857;14848;86,59
8;82;Kalmar län;Oskarshamn;18,15;6,04;4,67;8,21;32,25;5,9;1,7;22,22;0,15;0,24;;;0,11;0,03;;0,04;;;;0,01;0,01;0,08;0,15;0,01;;;0,02;;;;;;;;0,02;0,94;0,03;17870;18048;20491;88,08
8;83;Kalmar län;Västervik;16,91;8,77;3,88;6,33;34,31;6,66;2,82;19,16;0,3;0,31;0,01;;0,03;0,03;;0,06;;;;0;0,03;0,16;0,16;0,03;;;0,03;;;0;;;;;0,01;0,97;0,05;24571;24829;28767;86,31
8;84;Kalmar län;Vimmerby;16,29;13,49;2,01;8,28;30,35;5,6;2,32;20,25;0,32;0,26;;;0,04;;;0,04;;;;0,01;0,04;0,46;0,1;;;;0,13;;;;;;;0,02;0,01;1,06;0,04;10358;10474;11873;88,22
8;85;Kalmar län;Borgholm;18,9;14,19;3,42;8,34;23,73;5,66;3,14;21,39;0,23;0,16;0,01;;0,07;0,05;;0,08;;;0,08;;0,14;0,09;0,13;0,01;;;0,17;;;;;;;;0,05;0,77;0,05;7682;7750;8748;88,59
9;80;Gotlands län;Gotland;16,59;17,2;3,74;4,13;29,79;9,01;4,95;12,71;0,94;0,16;0,02;;0,1;0,09;;0,12;;;;0,01;0,01;0,16;0,13;0,04;;;0,08;;;;;0;;0,01;0,03;1,02;0,07;41129;41598;46871;88,75
10;60;Blekinge län;Olofström;12,02;6,5;2,3;4,92;36,63;5,66;1,92;28,87;0,24;0,34;0,01;;0,11;0,04;;0,05;;;;0,02;0,02;0,11;0,08;0,04;;;0,07;;;;;0,01;;0,04;0,07;1,14;0,05;8337;8443;9930;85,03
10;80;Blekinge län;Karlskrona;18,35;7,17;5,2;6,22;31,24;5,55;3,39;21,56;0,31;0,23;0,02;;0,11;0,02;;0,08;;;0,02;0,01;0,05;0,02;0,25;0,02;;;0,16;;;;0;;;0,01;0,02;0,9;0,05;44317;44753;49784;89,89
10;81;Blekinge län;Ronneby;16,23;7,05;3,24;5,2;29,91;5,51;2,14;29,42;0,33;0,34;;;0,17;0,03;;0,07;;;;;0,01;0,04;0,18;0,04;;;0,11;;;;;;;;0,02;0,84;0,08;18634;18810;21450;87,69
10;82;Blekinge län;Karlshamn;16,94;6,49;3,39;5,11;32,99;6,09;3,35;24,34;0,44;0,31;0,01;;0,1;0,01;;0,05;;;0,01;0;0,03;0,07;0,08;0,01;;;0,16;;;;;;;0,01;0,02;1,04;0,05;21439;21680;24694;87,79
10;83;Blekinge län;Sölvesborg;19,05;5,68;3,15;6,13;27,82;3,7;2,09;31,23;0,31;0,2;0,03;;0,04;0,01;;0,03;;;;0,02;0,09;0,16;0,11;0,03;;;0,13;;;;;;;;0,03;1,1;0,07;11787;11930;13518;88,25
12;14;Skåne län;Svalöv;15,05;9,33;3,69;5,09;23,04;4,64;2,59;34,34;0,7;0,46;0,02;;0,08;0,22;;0,12;;;;0,04;;0,15;0,16;0,02;;;0,23;;;;;0,01;;0,01;0,01;1,02;0,07;8533;8628;9843;87,66
12;30;Skåne län;Staffanstorp;27,81;7,58;6,41;5,14;22,05;3,13;3,76;22,91;0,34;0,26;;;0,06;0,1;;0,06;;;;0,01;0,02;0,02;0,19;;;;0,1;;;0,01;0,04;0,01;;0,01;0,01;0,61;0,01;15733;15833;17448;90,74
12;31;Skåne län;Burlöv;19,35;5,03;4,73;3,55;32,41;6,23;3,37;23,9;0,46;0,34;;;0,06;0,1;;0,03;;;;;0,01;0,04;0,13;;;;0,14;;;0,07;0,03;0,03;;;0,02;0,85;0,07;10010;10105;12513;80,76
12;33;Skåne län;Vellinge;39,56;7,24;7,26;7,45;10,58;1,31;2,21;23,55;0,13;0,18;;;0,02;0,04;;0,04;;;0;0,04;;;0,24;0,02;;;0,07;;;0;0,02;0;;;0,02;0,4;0,04;25245;25360;27231;93,13
12;56;Skåne län;Östra Göinge;18,14;5,91;2,41;5,82;27,64;3,81;2,06;33,3;0,19;0,3;;;0,07;0,09;;0,03;;;0,01;0,01;;0,01;0,06;;;;0,1;;;0,02;;;;;0,05;1,32;0,11;8747;8878;10252;86,6
12;57;Skåne län;Örkelljunga;15,41;6,72;2,66;12,13;20,8;2,91;2,34;35,53;0,16;0,47;;;0,06;0,15;;0,02;;;0,03;;0,26;0,06;0,13;0,08;;;0,08;;;;;;;;;0,94;0,03;6192;6253;7333;85,27
12;60;Skåne län;Bjuv;14,35;3,61;2,61;4,2;30,37;3,63;1,83;38,36;0,2;0,39;;;0,07;;;0,01;;;;;0,02;0,05;0,16;0,03;;;0,09;;;;;;;0,01;0,03;1,06;0,08;8649;8752;10581;82,71
12;61;Skåne län;Kävlinge;25,66;7,65;6,37;5,18;22,63;2,81;3,31;25,03;0,29;0,27;0,06;;0,07;0,13;;0,07;;;;0,01;0,02;0,02;0,18;0,06;;;0,12;;;;0;0,02;;;0,01;0,64;0,02;20396;20534;22547;91,07
12;62;Skåne län;Lomma;33,16;9,33;9,97;6,38;16,69;2,54;3,82;17,11;0,24;0,27;;;0,05;0,05;0,01;0,04;;;;;;0,01;0,21;0,03;;;0,04;;;;0,03;;;;;0,51;0,04;16401;16492;17570;93,86
12;63;Skåne län;Svedala;22,61;5,98;5,35;5,27;21,87;3,2;2,95;31,47;0,22;0,29;0,01;;0,08;0,04;;0,05;;;0,02;0,02;0,01;0,09;0,17;0,02;;;0,15;;;;0,04;0,08;;;0,03;1;0,03;13735;13882;15272;90,9
12;64;Skåne län;Skurup;20,61;7,24;3,82;4,38;22,56;4,27;2,63;33,34;0,32;0,24;;;0,04;0,04;;0,07;;;;0,04;;0,04;0,27;0,04;;;0,05;;;;;0,01;;0,01;;0,96;0,03;10054;10154;11511;88,21
12;65;Skåne län;Sjöbo;18,22;7,05;2,92;6,17;19,09;3,31;2,42;39,23;0,52;0,31;0,02;;0,05;0,03;;0,07;;;;0,02;0,04;0,1;0,19;0,02;;;0,11;;;;0,03;0,06;;0,01;0,04;1,22;0,04;12418;12582;14532;86,58
12;66;Skåne län;Hörby;17,29;8,34;4,32;6,56;19,45;4,46;2,54;35,43;0,5;0,28;0,01;;0,06;0,09;;0,09;;;0,01;0,02;0,03;0,13;0,2;0,03;;;0,15;;;;;0,02;;;0,02;0,92;0,01;10064;10160;11722;86,67
12;67;Skåne län;Höör;18,9;7,76;5,48;6,43;19,32;6,18;5,63;28,16;0,62;0,32;0,01;;0,08;0,05;;0,22;;;0,01;;;0,09;0,32;0,01;;;0,2;;;0,02;0,02;0,18;;;0,04;1,08;0,05;10737;10863;12325;88,14
12;70;Skåne län;Tomelilla;17,72;9,46;2,95;4,67;23,16;4,27;2,94;33,19;0,52;0,42;;;0,07;0,06;0,01;0,08;;;0,01;0,01;0,03;0,12;0,13;0,08;;;0,07;;;0,01;;0,01;;0,01;0,05;1,51;0,06;8617;8758;10155;86,24
12;72;Skåne län;Bromölla;13,38;3,28;3,46;4,58;31,01;3,39;1,63;38,23;0,23;0,25;;;0,07;0,01;;0,05;;;;0,01;0,07;0,07;0,1;0,09;;;0,09;;;;;;;;0,02;1,24;0,05;8151;8259;9387;87,98
12;73;Skåne län;Osby;16,14;7,31;2,43;7,29;28,18;3,94;2,25;31,19;0,11;0,36;;;0,08;0,01;;0,11;;;;;0,06;0,26;0,18;0,06;;;0,05;;;;;;;;0,02;1,03;0,04;8385;8477;9741;87,02
12;75;Skåne län;Perstorp;16;5,04;2,4;5,33;29,33;3,32;1,96;35,29;0,24;0,32;;;0,15;0,24;;0,05;;;;;;0,05;0,12;;;;0,17;;;;;;;;0,05;1,2;0,05;4126;4180;5099;81,98
12;76;Skåne län;Klippan;15,73;5,81;3,09;6,75;24,18;4,02;2,25;36,64;0,25;0,58;0,03;;0,04;0,03;;0,09;;;;;;0,12;0,09;0,06;;;0,21;;;;0,04;0,01;;;0,02;1,31;0,07;10535;10685;12689;84,21
12;77;Skåne län;Åstorp;17,25;4,69;2,95;4,67;29,2;3,9;1,71;34,45;0,23;0,45;;;0,1;0,03;;0,03;;;;;;0,03;0,07;0,07;;;0,14;;;;;0,02;;;0,05;0,9;0,06;8719;8807;10692;82,37
12;78;Skåne län;Båstad;28,46;11,37;5,4;8,54;16,44;3,25;3,96;21,46;0,27;0,28;0,01;;0,06;0,11;0,01;0,09;;;;;;0,11;0,12;0,04;;;0,04;;;;;;;;0,05;0,91;0,03;10362;10465;11774;88,88
12;80;Skåne län;Malmö;19,48;5,69;5,59;3,84;29,1;11,91;5,58;16,8;0,78;0,27;0,01;;0,07;0,08;0;0,07;;0;0,02;0,02;0,03;0;0,21;0,02;;;0,18;;;0,05;0,13;0,06;;0;0,04;0,73;0,07;193298;194931;237691;82,01
12;81;Skåne län;Lund;19,13;9,71;9,76;4,75;23,18;9,73;9,13;12,24;0,91;0,35;0,01;;0,07;0,12;;0,06;;;0,02;0,06;0,05;0,01;0,4;0,02;;;0,23;;;0,04;0;0,02;;0,01;0,03;0,64;0,04;79575;80143;89308;89,74
12;82;Skåne län;Landskrona;17,63;4,47;6,73;4,05;32,08;5,13;3,19;25,39;0,5;0,24;;;0,04;0,02;;0,05;;;0;0,03;0,04;;0,13;0,02;;;0,15;;;;;0,1;;0,01;0,02;0,94;0,06;26783;27057;32424;83,45
12;83;Skåne län;Helsingborg;23,53;5,99;5,07;5,32;26,64;4,75;3,65;23,79;0,39;0,32;0;;0,08;0,02;;0,04;;;0;0,01;0,01;0,01;0,18;0,02;;;0,09;;;0,01;0;0,07;;0;0,01;0,76;0,04;88462;89185;105779;84,31
12;84;Skåne län;Höganäs;27,33;8,59;6,66;7,5;20,39;3,4;4,45;20,46;0,34;0,2;0,04;;0,06;0,02;;0,03;;;0,01;0,01;0,07;0,05;0,19;0,02;;;0,14;;;;;0,03;;0,01;0,03;0,72;0,07;17613;17758;19975;88,9
12;85;Skåne län;Eslöv;17,63;7,31;4,36;4,83;27,45;5,19;3,3;27,97;0,43;0,38;0,01;;0,05;0,3;;0,09;;;;0,05;;0,05;0,3;0,03;;;0,21;;;;0,01;0,02;;0,02;0,01;1,15;0,05;20665;20917;24227;86,34
12;86;Skåne län;Ystad;23,42;7,71;4,78;5,76;25,41;4,13;3,34;24,18;0,41;0,24;0,01;;0,04;0,04;;0,07;;;0,01;0;0;0,02;0,28;0,02;;;0,1;;;;0,01;;;0;0,02;1,11;0,06;20786;21036;23912;87,97
12;87;Skåne län;Trelleborg;21,5;5,7;4,5;5,18;24,87;3,88;2,52;30,71;0,28;0,27;;;0,06;0,13;;0,02;;;0;0,02;0,01;0,01;0,13;0,07;;;0,09;;;;0;0,01;;;0,02;1,04;0,07;28451;28778;33326;86,35
12;90;Skåne län;Kristianstad;21,8;5,85;6,16;5,55;26,19;4,12;2,79;26,46;0,24;0,23;0,01;;0,08;0,08;;0,06;;;0;0,02;0,02;0,04;0,16;0,04;;;0,09;;;0,01;;;;0,01;0,04;0,9;0,06;53957;54499;63119;86,34
12;91;Skåne län;Simrishamn;20,48;8,19;4,58;6,03;23,4;5,75;4,58;24,99;0,94;0,29;0,02;;0,06;0,11;;0,2;;;0,02;;0,01;0,03;0,16;0,05;;;0,11;;;;;0,01;;;0,03;1,04;0,04;13243;13392;15447;86,7
12;92;Skåne län;Ängelholm;25,28;8,08;4,67;7,35;22,31;3,72;3,18;24,24;0,26;0,22;0,01;;0,05;0,14;;0,11;;;;0,01;0;0,04;0,16;0,01;;;0,14;;;0;0;0;;0,02;0,01;0,95;0,04;28134;28418;32502;87,43
12;93;Skåne län;Hässleholm;18,04;6,91;4,14;7,26;25,51;4,56;3,1;29,12;0,33;0,32;;;0,07;0,05;;0,07;;;;0,02;0,04;0,09;0,14;0,03;;;0,16;;;0;;0,01;;0,01;0,04;1,07;0,05;33334;33727;38988;86,51
13;15;Hallands län;Hylte;14,42;11,66;3,3;6,57;31,19;3,95;1,92;25,79;0,26;0,36;;;0,05;0,02;;0,03;;;;;;0,12;0,17;0,07;;;0,05;;0,02;;;;;0,07;0,05;1,04;0,08;6056;6128;7210;84,99
13;80;Hallands län;Halmstad;21,3;8,24;5,31;6,23;30,43;5,52;3,69;17,71;0,41;0,23;0;;0,13;0,16;;0,06;;;0;0,03;0,04;0,03;0,19;0,01;;;0,14;;;0,02;;0,11;;0,01;0,03;0,87;0,03;65498;66118;75693;87,35
13;81;Hallands län;Laholm;18,89;11,74;4,46;7,59;23,34;3,91;2,99;25,69;0,24;0,24;;;0,04;0,01;;0,08;;;;;0,01;0,14;0,28;0,01;;;0,09;;;;;0,23;;0,01;0,03;1,06;0,03;16438;16625;18896;87,98
13;82;Hallands län;Falkenberg;18,83;12,3;4,31;6,95;30,22;5,1;3,42;17,55;0,41;0,3;0;;0,12;0,06;;0,04;;;0;0,01;0,02;0,1;0,13;0,02;;;0,1;;;;;;;0,02;0,02;0,86;0,06;29472;29753;33924;87,7
13;83;Hallands län;Varberg;20,69;11,13;5,78;7,49;28,32;5,58;3,69;16,13;0,26;0,28;0,01;;0,06;0,14;;0,08;;;;0,01;0,01;0,06;0,15;0,03;;;0,09;;;;;;;0,01;0,02;0,85;0,06;43469;43874;48730;90,03
13;84;Hallands län;Kungsbacka;30,61;9,75;7,59;7,82;16,32;3,7;3,66;19,31;0,28;0,27;0,01;;0,06;0,13;;0,07;;;0;0,01;0,05;0,02;0,21;0,02;;0;0,1;;;;;;;0,01;0,02;0,72;0,04;56049;56490;61538;91,8
14;1;Västra Götalands län;Härryda;23,95;9,31;8,14;6,49;21,55;5,83;5,55;17,67;0,4;0,43;0,01;;0,07;0,09;;0,11;;;0;0,01;0,01;0,01;0,26;0,05;;;0,06;;;;;;;0;0,05;0,71;0,02;24181;24370;26845;90,78
14;2;Västra Götalands län;Partille;23,2;7,89;7,19;6,91;23,78;8,1;5,31;16,33;0,36;0,22;0;;0,05;0,08;;0,03;;;0;0,01;0,07;0,01;0,17;0,04;;;0,2;;;0;;;;0,03;0,05;0,78;0,03;24080;24290;27649;87,85
14;7;Västra Götalands län;Öckerö;21,94;5,39;6,6;19,44;18,65;4,93;4,6;17,51;0,22;0,08;0,01;;0,15;0,01;;0,01;;;;;0,15;0,01;0,17;0,01;;;0,1;;;;;;;0,01;0,01;0,7;0,05;9170;9241;10072;91,75
14;15;Västra Götalands län;Stenungsund;23,84;7,3;6,24;6,83;25,95;5,39;4,06;19,28;0,3;0,24;0,01;;0,03;0,02;;0,13;;;;0,02;0,02;0,06;0,22;0,05;;;0,03;;;;;;;;0,03;0,91;0,06;17509;17686;19673;89,9
14;19;Västra Götalands län;Tjörn;21,62;7,66;6,91;12,27;20,56;5,09;3,8;20,8;0,41;0,23;0,01;;0,08;0,12;;0,05;;;;0,01;0,05;0,08;0,15;0,03;;;0,06;;;;;;;;0,02;0,74;0,04;11259;11350;12552;90,42
14;21;Västra Götalands län;Orust;19,36;10,14;5,17;6,74;25,4;6,72;3,75;21,25;0,4;0,24;0,02;;0,07;0,09;;0,13;;;;;0,03;0,1;0,2;0,07;;;0,08;;;;;;;0,04;0,09;1,4;0,06;10740;10910;12253;89,04
14;27;Västra Götalands län;Sotenäs;24,74;7,9;5,34;8,12;24,86;4,75;2,65;20,52;0,24;0,3;;;0,06;0,02;;0,02;;;;0,03;0,03;0,05;0,06;0,05;;;0,26;;;;;;;;0,08;0,72;;6592;6645;7533;88,21
14;30;Västra Götalands län;Munkedal;16,81;9,2;3,12;7,19;26,22;6,23;2,35;27,43;0,39;0,18;0,01;;0,07;0,13;;0,04;;;;0,01;0,12;0,25;0,1;0,04;;;0,04;;;;;;;0,01;0,01;1,15;0,04;6674;6756;7836;86,22
14;35;Västra Götalands län;Tanum;22,89;12,41;5,49;6,67;22,71;5,05;3,5;19,49;0,57;0,36;;;0,09;0,03;;0,08;;;;;0,08;0,27;0,23;0,01;;;0,03;;;0,01;;;;;0,02;0,95;0,01;8574;8659;9895;87,51
14;38;Västra Götalands län;Dals-Ed;16,25;12,67;2,9;10,39;24,08;3;2,21;27,04;0,2;0,24;;;0,14;;;;;;;0,03;0,2;0,2;0,24;0,14;;;0,07;;;;;;;;;1,24;0,03;2936;2974;3475;85,58
14;39;Västra Götalands län;Färgelanda;13,26;12,19;2,91;5,72;26,6;4,42;1,63;32,07;0,28;0,49;;;0,07;0,16;;;;;;;0,02;0,09;0,07;0,02;;;;;;;;;;;;1,31;0,05;4300;4359;4991;87,34
14;40;Västra Götalands län;Ale;18,83;7,03;4,73;6,27;27,94;7,65;3,93;22,25;0,31;0,31;0,02;;0,1;0,11;;0,09;;;;0,04;0,06;0,04;0,18;0,06;;;0,07;;;0,01;;;;;0,05;1,11;0,05;19330;19567;22266;87,88
14;41;Västra Götalands län;Lerum;23,54;8,57;7,45;7,36;22,51;6,57;5,71;17,01;0,44;0,21;0,02;;0,08;0,03;;0,06;;;0,01;0,03;0,01;0,03;0,17;0,03;;;0,13;;;;;;;0,02;0,03;0,9;0,03;27360;27625;30271;91,26
14;42;Västra Götalands län;Vårgårda;14,98;12,37;4,33;12,41;24,85;5,63;3,57;20,56;0,25;0,37;;;0,08;0,17;;0,08;;;0,01;0,01;0,04;0,07;0,11;;;;0,12;;;;;;;;;0,87;0,04;7598;7668;8573;89,44
14;43;Västra Götalands län;Bollebygd;20,23;8,87;5,6;7,73;23,39;5,17;4,09;23,87;0,32;0,16;0,02;;0,11;0,03;;0,06;;;;0,02;0,03;0,02;0,18;;;;0,1;;;;;;;;0,02;0,94;0,06;6209;6273;6915;90,72
14;44;Västra Götalands län;Grästorp;21,05;12,88;3,54;7,19;25,68;3,21;2,05;23,23;0,28;0,46;;;0,03;0,03;;0,03;;;;;;0,13;0,08;;;;0,1;;;;;;;0,05;0,03;1;;3952;3993;4492;88,89
14;45;Västra Götalands län;Essunga;20,48;12,04;2,66;6,77;25,77;5,77;2,47;22,9;0,27;0,4;;;0,05;0,03;;0,16;;;;;0,03;0,08;0,08;;;;;;;;;;;0,05;;0,97;0,03;3764;3802;4322;87,97
14;46;Västra Götalands län;Karlsborg;16,08;10,71;5,31;8,55;28,36;5,09;2,22;22,51;0,19;0,45;;;0,04;0,02;;0,04;;;;0,02;0,02;0,12;0,16;0,04;;;0,04;;;;;;;0,02;0,04;1,38;0,2;4856;4936;5451;90,55
14;47;Västra Götalands län;Gullspång;13,87;8,59;2,48;5,43;35,47;5,9;2,21;23,87;0,91;0,27;;;0,06;0,03;;0,06;;;;0,06;0,18;0,18;0,06;0,09;;;0,12;;;0,18;;;;;0,03;1,34;;3389;3436;3990;86,12
14;52;Västra Götalands län;Tranemo;17,93;14,02;3,81;6,24;29,89;4,53;2,73;19,77;0,21;0,33;0,01;;0,09;0,03;;0,1;;;;;;0,1;0,1;0,04;;;0,07;;;;;;;;0,04;1,16;0,04;7682;7778;8821;88,18
14;60;Västra Götalands län;Bengtsfors;14,29;9,28;2,63;7,42;31,76;5,32;2,33;25,88;0,33;0,4;0,05;;0,1;;;0,03;;;;;;0,05;0,08;0,03;;;0,02;;;;;;;;0,02;0,86;0,03;6013;6068;7103;85,43
14;61;Västra Götalands län;Mellerud;16,38;11,97;2,75;7,11;25,28;4,32;2,52;28,55;0,17;0,4;;;0,05;;;0,14;;;;;0,05;0,05;0,17;0,05;;;0,03;;;;;;;;0,05;0,84;0,03;5783;5837;6778;86,12
14;62;Västra Götalands län;Lilla Edet;14,36;6,74;3,75;5,16;28,71;7,29;2,86;29,75;0,24;0,34;0,03;;0,12;0,13;;0,06;;;;;0,01;0,1;0,16;0,07;;;0,08;;;0,02;;;;0,01;0,24;0,89;0,01;8631;8731;10291;84,84
14;63;Västra Götalands län;Mark;15,99;10,65;5,46;7,06;29,09;7,26;3,31;19,83;0,32;0,26;0,01;;0,08;0,09;0;0,1;;;0,01;0,02;0,08;0,03;0,18;0,03;;;0,1;;;0,01;;0;;0,02;0,04;1,07;0,04;22770;23037;26180;87,99
14;65;Västra Götalands län;Svenljunga;17,42;11,93;4,29;6,77;25,77;4,11;2,15;25,57;0,29;0,28;0,04;;0,04;0,1;;0,1;;;;0,03;0,06;0,89;0,09;;;;0,09;;;;;;;;0,03;1,2;0,06;6884;6974;8014;87,02
14;66;Västra Götalands län;Herrljunga;16,76;12,37;4,89;8,83;24,8;6,04;2,75;21,83;0,42;0,38;0,03;;0,08;0,02;;0,11;;;;;0,14;0,13;0,2;0,03;;;0,17;;;0,02;;;;;0,02;1,18;0,11;6362;6446;7255;88,85
14;70;Västra Götalands län;Vara;21,53;11,78;3,42;6,55;24,94;4,87;1,91;23,66;0,16;0,32;0,03;;0,08;0,15;;0,1;;;;0,01;0,07;0,08;0,14;0,04;;;0,16;;;;;;;;0,07;1,18;0,03;10505;10641;12175;87,4
14;71;Västra Götalands län;Götene;15,42;10,1;3,98;9,46;31,09;6,26;3,59;18,91;0,24;0,16;0,02;;0,03;0,12;;0,14;;;0,01;;0,02;0,11;0,17;0,03;;;0,12;;;;;;;;0,01;1,17;0,09;8860;8974;10064;89,17
14;72;Västra Götalands län;Tibro;16,28;8,31;5,55;9,67;31,22;4,64;2,26;21,13;0,18;0,25;;;0,08;;;0,04;;;;;0,03;0,04;0,15;0,1;;;0,07;;;;;;;0,01;0,03;0,91;0,04;7176;7247;8224;88,12
14;73;Västra Götalands län;Töreboda;17,3;10,88;3,1;6,58;30,52;4,63;2;23,11;0,34;0,49;;;0,07;0,07;;0,08;;;;0,07;0,03;0,27;0,08;0,17;;;0,17;;;0,02;;;;0,03;0,03;1,33;0,02;5938;6021;6924;86,96
14;80;Västra Götalands län;Göteborg;19,86;7,12;7,25;5,52;23,77;14;6,95;13,45;0,84;0,34;0,03;;0,11;0,12;0;0,06;;;0,02;0,03;0,06;0,01;0,25;0,03;;0;0,17;;;0,02;;0;;0,01;0,05;0,75;0,06;349645;352660;418425;84,28
14;81;Västra Götalands län;Mölndal;22,51;8,06;8,24;6,28;24,02;7,63;5,77;15,84;0,47;0,34;0,03;;0,08;0,14;;0,06;;;0;0,04;0,04;;0,23;0,03;;;0,17;;;0,01;;0;;0;0,03;0,8;0,05;43933;44321;49659;89,25
14;82;Västra Götalands län;Kungälv;22,15;8,67;6,05;7,69;25,13;6,2;4,26;18,56;0,38;0,26;0,01;;0,07;0,02;;0,08;;;;0,04;0,03;0,05;0,2;0,09;;;0,05;;;;;;;0,02;0,03;0,82;0,02;30254;30519;33697;90,57
14;84;Västra Götalands län;Lysekil;15,62;7,06;5,43;5,49;32,38;6,6;4,3;21,78;0,2;0,33;0,06;;0,04;0,09;;0,07;;;;0,08;0,05;0,04;0,19;0,01;;;0,14;;;;;;;0,02;0,03;1,1;0,02;9885;10000;11424;87,54
14;85;Västra Götalands län;Uddevalla;18,34;6,6;4,92;7,08;30,32;6,76;3,92;20,6;0,4;0,34;0,02;;0,06;0,06;;0,05;;;0,01;0,01;0,14;0,05;0,19;0,03;;;0,08;;;;;;;0,01;0,02;0,88;0,04;35969;36311;41795;86,88
14;86;Västra Götalands län;Strömstad;18,89;8,41;6,62;7,07;26,24;5,61;4,41;20,92;1,16;0,23;;;0,05;0,05;;0,03;;;0,01;0,01;0,04;0,01;0,07;;;;0,15;;;;;;;0,01;;0,79;0,01;7328;7387;8799;83,95
14;87;Västra Götalands län;Vänersborg;15,99;7,34;4,47;6,72;31,65;6,86;3,56;22,08;0,34;0,39;;0,02;0,07;0,05;;0,07;;;0;0,01;0,07;0,03;0,19;0,04;;;0,06;;;;;;;0;0,05;0,99;0,04;25261;25537;29090;87,79
14;88;Västra Götalands län;Trollhättan;17,74;6,11;4,98;5,07;36,21;6,93;4,35;17,38;0,31;0,37;0,01;;0,08;0,04;;0,06;;;;0,01;0;0,01;0,2;0,04;;;0,08;;;0,01;;;;0,01;0,03;0,92;0,05;36609;36978;42779;86,44
14;89;Västra Götalands län;Alingsås;18,31;9,78;6,74;8,59;26,36;7,79;5,77;15,31;0,42;0,3;;;0,11;0,05;;0,07;;;0,01;0,01;0,02;0,02;0,15;0,03;;;0,16;;;0,01;;;;0,01;0,03;0,8;0,07;27571;27820;30990;89,77
14;90;Västra Götalands län;Borås;20,53;7,26;5,7;6,62;29,53;7,02;3,66;18,37;0,34;0,31;0,01;;0,06;0,05;;0,07;;;;0,02;0,07;0,03;0,14;0,03;;;0,17;;;0;0;;;0;0,03;0,75;0,05;69904;70485;81563;86,42
14;91;Västra Götalands län;Ulricehamn;19,68;12,93;5,1;7,94;24,74;5,54;3,23;19,59;0,22;0,43;0,01;;0,04;0,08;;0,09;;;0,01;0,01;0,02;0,14;0,07;0,02;;;0,11;;;;;;;;0,03;0,9;0,06;16096;16257;18404;88,33
14;92;Västra Götalands län;Åmål;13,79;7,54;3,4;5,89;34,92;6,74;3,06;23,2;0,39;0,57;;;0,06;0,03;;0,08;;;;;;0,01;0,25;0,01;;;0,05;;;;;;;;0,05;1;0,01;7909;7994;9425;84,82
14;93;Västra Götalands län;Mariestad;19,9;8,26;3,69;7,31;33;5,95;3,1;17,59;0,3;0,43;0,01;;0,08;;;0,02;;;;;0,02;0,05;0,12;0,05;;;0,09;;;;;;;0,02;0,04;1,04;0,04;16409;16594;18967;87,49
14;94;Västra Götalands län;Lidköping;17,31;8,9;4,91;7,24;33,21;6,38;3,59;17,3;0,34;0,21;0;;0,05;0,02;;0,04;;;;0,01;0,08;0,03;0,16;0,02;;;0,18;;;;;;;;0,03;0,96;0,04;27303;27587;30824;89,5
14;95;Västra Götalands län;Skara;19,35;8,42;3,64;6,88;30,42;5,97;3,62;20,22;0,37;0,37;;;0,08;0,02;;0,11;;;0,01;0,02;0,01;0,1;0,16;0,05;;;0,19;;;;;;;;0,03;0,88;0,04;12250;12368;14109;87,66
14;96;Västra Götalands län;Skövde;20,9;8,8;5,64;8,04;28,81;5,63;3,4;16,94;0,5;0,34;0,02;;0,1;0,11;;0,06;;;0;0,01;0,05;0,07;0,28;0,05;;;0,23;;;;;;;0;0,02;0,96;0,07;36654;37044;42110;87,97
14;97;Västra Götalands län;Hjo;18,63;9,83;4,04;9,62;27,41;6,21;3,56;19,5;0,5;0,26;0,03;;0,03;;;0,1;;;;;;0,1;0,08;;;;0,11;;;;;;;;0,02;1,08;0,02;6236;6306;7094;88,89
14;98;Västra Götalands län;Tidaholm;13,53;7,38;3,43;6,96;37,78;5,68;2,58;21,52;0,2;0,3;;;0,06;0,02;;0,1;;;;0,01;;0,17;0,12;;;;0,13;;;;;;;0,01;0,06;1,05;0,02;8589;8687;9803;88,62
14;99;Västra Götalands län;Falköping;16,79;9,92;3,69;9,1;29,23;5,92;3,07;20,88;0,37;0,22;0;;0,07;0,03;;0,12;;;0,01;0,01;0,04;0,06;0,13;0,03;;;0,29;;;;;;;0,01;0,03;0,83;0,04;21120;21311;24387;87,39
17;15;Värmlands län;Kil;16,08;10,21;4,57;5,82;31,95;5,98;3,14;21,29;0,24;0,27;;;0,07;;;0,02;;;;0,01;;0,09;0,24;;;;0,02;;;;;;;;0,04;1,39;0,06;8060;8182;9195;88,98
17;30;Värmlands län;Eda;14,37;10,35;2,8;7,42;33,66;5,8;1,25;23,01;0,35;0,18;0,05;;0,02;0,02;;0,09;;;;;0,05;0,37;0,02;0,05;;;0,09;;;0,07;;;;;0,05;1,63;0,05;4329;4405;5348;82,37
17;37;Värmlands län;Torsby;13,94;11,21;3,08;5,15;35,48;6,53;1,85;21,44;0,24;0,16;0,01;;0,11;0,09;;;;;;0,03;0,01;0,36;0,16;0,07;;;0,05;;;0,01;;;;0,01;;1,35;0,05;7509;7616;9099;83,7
17;60;Värmlands län;Storfors;10,72;8,35;2,86;5,34;40,69;6,86;1,22;22,5;0,15;0,27;;;0,11;;;0,08;;;;;0,04;0,61;0,08;;;;0,08;;;;;0,04;;;;1,17;0,11;2622;2656;3051;87,05
17;61;Värmlands län;Hammarö;19,99;8,79;6,6;6,57;34,15;5,73;4,11;13,16;0,27;0,19;;;0,05;0,04;;0,07;;;;0,01;;0,03;0,14;0,03;;;0,08;;;;;;;;0,01;0,62;;10916;10985;12072;91
17;62;Värmlands län;Munkfors;8,33;8,12;2,91;3,93;52,18;6,11;1,37;15,43;0,64;0,51;0,04;;;;;0,04;;;;0,04;;0,09;0,04;0,09;;;0,09;;;;0,04;;;;;1,02;;2340;2364;2777;85,13
17;63;Värmlands län;Forshaga;13,28;7,88;2,79;6,18;39,04;6,46;2,54;20,47;0,32;0,62;;;0,11;;;0,05;;;;0,05;0,07;0,01;0,11;;;;0,03;;;;;;;;0,05;1,09;0,04;7600;7691;8666;88,75
17;64;Värmlands län;Grums;12,76;6,99;2,18;4,65;41,22;5,51;1,7;23,23;0,31;0,71;;;0,1;0,03;;0,05;;;;0,03;;0,22;0,15;0,07;;;0,07;;;;;;;;0,03;1,11;0,08;5876;5949;6917;86,01
17;65;Värmlands län;Årjäng;13,81;9,97;3,48;16,03;25,2;3,66;1,8;25,08;0,18;0,3;;;0,07;0,04;;;;;;0,05;0,04;0,12;0,05;0,02;;;0,09;;;;;;;;0,09;1,18;;5626;5698;6768;84,19
17;66;Värmlands län;Sunne;17,6;15,12;3,94;7,19;28,65;4,82;2,55;18,77;0,42;0,41;;;0,02;0,01;;0,08;;;;0,01;;0,1;0,17;0,05;;;0,07;;;;;;;0,01;0,01;1,46;0,04;8810;8946;10235;87,41
17;80;Värmlands län;Karlstad;19,52;8,46;5,66;6,41;31,73;7,88;4,84;14,05;0,5;0,31;0,02;;0,09;0,02;;0,08;;;;0,04;0,04;0,03;0,21;0,03;;;0,07;;;0;;0;;0,01;0,06;0,8;0,05;63334;63914;71826;88,98
17;81;Värmlands län;Kristinehamn;15,96;8,75;5,46;5,92;34,08;7,55;3,03;17,96;0,27;0,31;;;0,09;0,13;;0,07;;;;0,01;0,02;0,06;0,16;0,01;;;0,14;;;;;;;;0,03;0,99;0,02;16088;16258;18721;86,84
17;82;Värmlands län;Filipstad;12;4,88;2,39;4,18;41,18;7,17;1,42;25,59;0,16;0,34;;;0,02;0,02;;0,06;;;;;;0,38;0,08;0,06;;;0,08;;;;;;;;0,03;1,43;0,03;6392;6489;7763;83,59
17;83;Värmlands län;Hagfors;9,27;7,86;2,33;4,51;47,46;8,27;1,34;18;0,24;0,22;0,01;;0,04;0,08;;0,03;;;;0,03;0,01;0,09;0,08;0,09;;;0,01;;0,01;0,03;;;;;;0,94;0,03;7607;7681;9134;84,09
17;84;Värmlands län;Arvika;15,13;9,44;3,57;5,67;33,99;8,35;3,58;18,54;0,93;0,24;0,01;;0,09;0,01;;0,04;;;;0,01;0,02;0,17;0,11;0,02;;;0,05;;;0,04;;;;;0,02;1,15;0,03;16961;17167;19979;85,93
17;85;Värmlands län;Säffle;15,57;14,24;3,06;6,78;27,68;4,58;2;25,11;0,19;0,33;;;0,03;0,04;;;;;;0,01;0,15;0,07;0,08;0,03;;;0,04;;;;;;;;0,02;1,2;0,03;9896;10021;11622;86,22
18;14;Örebro län;Lekeberg;15,68;13,19;3,02;8,69;25,86;5,27;2,72;23,88;0,28;0,4;0,02;;0,06;0,08;;0,3;;;;0,02;0,13;0,15;0,17;0,02;;;;;;;;;;0,06;0,07;1,19;0,02;5293;5362;5903;90,84
18;60;Örebro län;Laxå;12,01;6,41;2,81;9,44;35,47;6,9;1,64;24,15;0,46;0,33;;;0,03;0,03;;0,03;;;;;;0,11;0,11;0,08;;;;;;;;;;;;0,97;0,03;3665;3702;4263;86,84
18;61;Örebro län;Hallsberg;13,82;7,92;3,19;5,88;36,89;6,56;2,59;21,71;0,26;0,33;0,05;;0,05;0,05;;0,04;;;0,01;0,01;0,07;0,21;0,22;0,03;;;0,12;;;;;;;;0,04;0,97;0,05;10200;10309;11634;88,61
18;62;Örebro län;Degerfors;10,65;5,35;2,4;4,01;44,07;10,18;2,37;19,88;0,34;0,36;;;0,09;0,05;;0,03;;;;0,02;0,03;0,06;0,08;0,03;;;0,02;;;;;;;;0,03;0,86;0,06;6415;6477;7436;87,1
18;63;Örebro län;Hällefors;11,89;6,04;2,1;3,38;39,73;8,98;1,84;24,67;0,16;0,42;;;0,07;0,05;;0,07;;;;0,02;;0,26;0,12;;;;0,16;;;;;;;0,05;0,02;1,06;0,02;4289;4337;5160;84,05
18;64;Örebro län;Ljusnarsberg;11,33;5,97;2,67;4,2;33,83;6,97;1,9;31,2;0,33;0,47;;;0,03;0,03;;0,1;;;;;;0,43;0,17;0,17;;;0,13;;;0,07;;;;;0,1;0,89;;3000;3030;3622;83,66
18;80;Örebro län;Örebro;17,9;8,05;5,65;7,74;31,48;8,46;4,77;14,38;0,49;0,28;0,01;;0,07;0,04;;0,08;;;0,01;0,03;0,13;0,03;0,2;0,02;;0;0,16;;;0,01;;;;0,01;0,03;0,8;0,06;98428;99300;113130;87,78
18;81;Örebro län;Kumla;16,87;7,05;5;7,98;32,55;5,61;2,7;21,08;0,36;0,24;0,02;;0,03;0,05;;0,04;;;;0,02;0,06;0,03;0,1;0,01;;;0,19;;;;;;;;0,04;1,19;0,05;13948;14129;15951;88,58
18;82;Örebro län;Askersund;16,45;9,18;3,04;6,75;32,16;5,45;2,3;23,29;0,2;0,2;;;0,08;0,04;;0,1;;;;;;0,49;0,12;0,06;;;0,08;;;;;;;;0,01;0,94;0,03;7818;7895;8916;88,55
18;83;Örebro län;Karlskoga;17,98;6,03;3,98;4,84;37,53;7,16;2,8;18,34;0,22;0,45;;;0,07;0,06;;0,05;;;;;0,05;0,04;0,11;0,05;;;0,23;;;0,01;;;;0,01;0,02;0,97;0,03;19899;20106;23097;87,05
18;84;Örebro län;Nora;14,68;8,87;3,61;6,3;33,72;6,34;3,38;21,41;0,58;0,27;;;0,1;0,06;;0,09;;;;;;0,42;0,13;;;;0,04;;;;;;;;0,03;0,99;0,01;6922;6994;8051;86,87
18;85;Örebro län;Lindesberg;15,76;8,49;2,84;6,05;31,56;6,08;2,57;25,02;0,31;0,31;0,03;;0,07;0,04;;0,1;;;;0,01;0,07;0,35;0,21;0,08;;;0,05;;;;;;;0,01;0,01;1,09;0,05;15280;15459;17648;87,6
19;4;Västmanlands län;Skinnskatteberg;10,72;6,67;4,89;3,94;38,46;6,56;2,02;25,24;0,45;0,07;;;0,1;;;0,07;;;;0,03;;0,63;;0,07;;;0,07;;;;;;;;0,03;0,9;0,1;2865;2895;3392;85,35
19;7;Västmanlands län;Surahammar;12,96;4,01;3,36;4,17;36,4;8,19;1,91;27,54;0,3;0,35;;;0,21;0,06;;0,1;;;;0,06;;0,1;0,24;0,02;;;;;;;;;;0,02;0,02;0,89;0,11;6241;6305;7407;85,12
19;60;Västmanlands län;Kungsör;16,65;8,55;4,41;5,61;31,43;5,85;2,09;23,91;0,19;0,37;;;0,04;0,07;0,02;0,09;;;;0,02;;0,15;0,2;0,09;;;0,26;;;;;;;;;1,29;0,06;5370;5443;6167;88,26
19;61;Västmanlands län;Hallstahammar;14,69;5,29;3,99;5,08;36,15;7,97;2,23;23,25;0,24;0,3;0,02;;0,12;0,04;;0,17;;;0,01;0,02;;0,06;0,16;0,03;;;0,17;;;;;;;0,02;0,06;1;0,02;10063;10173;11855;85,81
19;62;Västmanlands län;Norberg;14,11;5,72;3,77;4,09;36,5;9,54;2,51;21,62;0,4;0,59;;;0,08;0,05;;0,27;;;;;0,03;0,24;0,19;0,11;;;0,16;;;;;;;0,03;;1,47;0,13;3742;3803;4386;86,71
19;80;Västmanlands län;Västerås;22,19;6,32;6,83;6,17;29,12;7,15;3,4;17,51;0,37;0,25;0,01;;0,08;0,04;;0,09;;;0,01;0,02;0,07;0,04;0,21;0,05;;0;0,06;;;0,01;;;;0,01;0,02;0,78;0,06;96032;96863;111495;86,88
19;81;Västmanlands län;Sala;16,04;11,77;4,06;6,04;29,31;6,28;2,63;22,24;0,44;0,35;;;0,06;0,03;0,01;0,09;;;;0,03;0,03;0,19;0,19;0,02;;;0,15;;;0,01;;;;0,01;0,02;1,1;0,05;14958;15135;17160;88,2
19;82;Västmanlands län;Fagersta;14,13;4,19;3,19;4,69;39,4;7,95;2,29;22,98;0,19;0,42;;;0,06;;;0,09;;;;0,03;0,03;0,19;0,04;0,08;;;0,04;;;;;;;0,01;0,01;1,21;0,14;7825;7933;9411;84,29
19;83;Västmanlands län;Köping;15,63;6,74;3,33;5,86;34,62;6,43;2,25;23,94;0,2;0,41;;;0,12;0,03;;0,05;;;0,01;;0,01;0,09;0,1;0,04;;;0,12;;;;0,01;;;0,02;0,03;0,89;0,07;16390;16554;19264;85,93
19;84;Västmanlands län;Arboga;18,67;6,81;3,87;5,12;33,76;5,75;3,17;21,7;0,23;0,28;;;0,08;0,04;;0,08;;;0,01;0,01;;0,05;0,19;0,03;;;0,1;;;;;;;0,03;0,07;1,01;0,05;9233;9339;10678;87,46
20;21;Dalarnas län;Vansbro;13,31;14,6;2,13;9,69;29,37;7,2;1,24;20,82;0,24;0,18;;;0,04;0,02;;0,04;;;;0,02;;0,73;0,09;0,04;;;0,13;;;0,02;;;;0,07;;1,38;0,02;4501;4565;5295;86,21
20;23;Dalarnas län;Malung-Sälen;18,98;9,28;3,15;5,94;28,98;6,08;1,73;24,57;0,18;0,19;;;0,01;;;0,06;;;;;0,01;0,59;0,07;0,07;;;0,09;;;;;;;;;1,11;0,04;6756;6835;7858;86,98
20;26;Dalarnas län;Gagnef;14,36;13,71;3,75;8,53;27,43;6,06;2,77;21,76;0,57;0,17;;;0,09;0,06;;0,04;;;;;0,01;0,23;0,26;0,09;;;0,1;;;;;;;;0,07;1,24;0,09;6901;6999;7834;89,34
20;29;Dalarnas län;Leksand;19,57;12,87;3,62;9,48;26,13;7,04;3,65;16,23;0,37;0,15;0,01;;0,08;0,03;;0,14;;;0,01;;0,04;0,3;0,14;0,05;;;0,09;;;;;;;;0,05;0,92;0,05;10944;11057;12357;89,48
20;31;Dalarnas län;Rättvik;16,84;12,21;3,1;7,12;26,73;6,07;2,98;23,38;0,33;0,37;0,01;;0,09;;;0,1;;;0,01;0,01;0,01;0,38;0,16;0,03;;;0,08;;;;;;;;0,03;1,21;0,06;7644;7745;8884;87,18
20;34;Dalarnas län;Orsa;11,45;10,98;2,61;7,24;27,93;8,06;2,98;26,58;0,61;0,26;;;0,24;0,04;;0,24;;;;0,04;0,02;0,3;0,13;0,07;;;0,22;;;;;;;;0,02;1,22;0,04;4601;4661;5376;86,7
20;39;Dalarnas län;Älvdalen;10,86;11,78;2,58;5,37;32,13;5,34;1,62;28,53;0,19;0,17;;;0,09;0,02;;0,06;;;;;0,02;0,89;0,17;0,02;;;0,13;;;0,02;;;;;0,04;1,77;0,13;4696;4789;5527;86,65
20;61;Dalarnas län;Smedjebacken;13,94;6,29;2,46;4,5;38,98;7,57;2,12;22,88;0,23;0,38;;;0,04;0,01;;0,09;;;;;0,05;0,19;0,19;0,01;;;0,07;;;;;;;;;1,34;0,05;7440;7545;8564;88,1
20;62;Dalarnas län;Mora;15,69;11,81;3,38;6,78;29,21;6,12;2,89;22,54;0,39;0,28;0,01;;0,09;0,02;;0,07;;;0,01;0,02;0,01;0,22;0,33;0,05;;;0,05;;;0,01;;;;;0,01;1,08;0,04;13748;13904;16056;86,6
20;80;Dalarnas län;Falun;19,71;11,83;4,62;5,98;28,02;8,18;4,88;15,3;0,51;0,31;0;;0,11;0,02;0,01;0,09;;;0;0,04;0,02;0,09;0,14;0,03;;;0,06;;;;;;;0,04;0,02;0,94;0,04;39461;39861;44894;88,79
20;81;Dalarnas län;Borlänge;17,09;7,43;4,38;5,12;32,71;7,58;3,92;20,31;0,35;0,34;0,02;;0,1;0,01;;0,1;;;0;0,06;0,02;0,02;0,14;0,12;;;0,18;;;;;;;0;0,04;1,06;0,04;32460;32837;37646;87,23
20;82;Dalarnas län;Säter;16,95;12,42;3,14;6,16;29,79;6,27;2,54;21,66;0,25;0,32;0,04;;0,07;0,04;;0,01;;;;;;0,07;0,14;0,11;;;0,04;;;;;;;;0,03;1,67;0,03;7610;7743;8713;88,87
20;83;Dalarnas län;Hedemora;15,25;9,97;2,66;6,92;30,58;7,46;2,9;22,53;0,36;0,46;;;0,08;;;0,2;;;0,01;0,01;0,04;0,31;0,14;0,03;;;0,06;;;;;0,01;;0,03;0,03;1,12;0,04;9824;9942;11584;85,83
20;84;Dalarnas län;Avesta;15,77;6,75;2,92;5,02;34,8;6,52;2,22;24,68;0,25;0,28;0,01;;0,12;0,02;;0,08;;;;0,01;0,08;0,17;0,18;0,05;;;0,05;;;;;;;0,03;0,05;1;0,02;14573;14731;16988;86,71
20;85;Dalarnas län;Ludvika;14,09;6,55;3,5;4,52;35,41;8,25;2,9;23,21;0,36;0,37;0,01;;0,11;0,01;;0,05;;;;0,01;0,05;0,05;0,11;0,36;;;0,03;;;0,02;;;;0,04;0,04;1,25;0,02;16868;17092;19629;87,08
21;1;Gävleborgs län;Ockelbo;11,29;11,39;1,96;4,95;31,74;7,49;2,83;27,29;0,16;0,24;;;0,03;;;0,13;;;0,05;0,03;;0,21;0,08;0,03;;;0,1;;;;;;;;;1,34;0,15;3818;3876;4499;86,15
21;4;Gävleborgs län;Hofors;11,29;5,23;3,51;3,97;39,36;11,78;1,91;21,84;0,26;0,16;0,02;0,02;0,13;0,02;;0,07;;;;;0,03;0,18;0,02;0,07;;;0,1;;;;;;;0,03;0,06;1,21;0,13;6118;6205;7333;84,62
21;21;Gävleborgs län;Ovanåker;12,49;16,97;2,69;10,07;32,33;4,8;1,77;17,82;0,2;0,16;0,01;0,01;0,04;0,03;;0,04;;;;0,04;0,08;0,2;0,09;0,01;;;0,12;;;;;;;0,04;;1,1;0,01;7645;7731;8968;86,21
21;32;Gävleborgs län;Nordanstig;11,72;11,79;2,5;6,87;32,51;9,63;1,92;21,48;0,2;0,35;0,02;0,03;0,02;;;0,13;;;;;0,02;0,51;0,23;0,03;;;0,03;;;;;;;0,02;0,02;1,02;0,1;6084;6154;7363;83,58
21;61;Gävleborgs län;Ljusdal;14,41;12,27;3,36;5,11;33,99;6,9;2,75;19,97;0,41;0,17;;;0,07;0,01;;0,07;;;;0,01;;0,34;0,11;;;;0,02;;;0,02;;;;0,01;0,02;1,25;0,1;12065;12233;14622;83,66
21;80;Gävleborgs län;Gävle;18,17;6,32;5,36;4,92;32,09;8,47;3,88;19,46;0,41;0,31;0,01;0;0,11;0,03;0;0,09;;;;0,03;0,02;0,04;0,13;0,02;;;0,11;;;0,01;;0;;0;0,04;0,88;0,07;66241;66903;76433;87,53
21;81;Gävleborgs län;Sandviken;14,35;6,7;4,3;4,48;36,96;8,39;2,25;21,42;0,22;0,29;;;0,05;0,03;;0,17;;;;0,01;;0,19;0,07;0,01;;;0,07;;;0;;;;0,02;0,07;0,95;0,06;24794;25065;28827;86,95
21;82;Gävleborgs län;Söderhamn;14,35;9,91;2,98;5,03;36,53;8,26;2,4;19,58;0,19;0,23;;0,03;0,09;0,03;;0,11;;;;0,01;;0,1;0,07;0,02;;;0,07;;;;;;;0,02;0,04;0,95;0,08;16776;16958;19702;86,07
21;83;Gävleborgs län;Bollnäs;13,98;11,34;3,41;5,92;34,6;7,65;2,5;19,57;0,22;0,21;0,01;0,01;0,1;0,02;;0,1;;;;0,01;0,01;0,16;0,09;0,02;;;0,06;;;0,01;;;;0,01;0,03;0,88;0,11;17173;17351;20306;85,45
21;84;Gävleborgs län;Hudiksvall;13,79;12,62;2,78;5,34;34,69;9,32;3,6;16,29;0,39;0,3;0;0,01;0,08;0,13;;0,13;0,01;;;0,02;0;0,21;0,11;0,09;;;0,08;;;;;;;0,02;0,02;0,97;0,08;24699;24969;29182;85,56
22;60;Västernorrlands län;Ånge;11,26;8,55;1,59;4,87;41,88;6,83;1,08;22,13;0,29;0,37;;;0,06;0,02;;0,03;;;;0,03;0,02;0,68;0,06;0,13;0,02;;0,1;;;;;;;;0,02;1,07;0,05;6280;6352;7417;85,64
22;62;Västernorrlands län;Timrå;11,91;6,8;3,06;4,96;43,13;7,97;1,86;19,41;0,22;0,27;;;0,02;;;0,05;;;;0,06;0,01;0,07;0,15;0,02;;;0,03;;;0,01;;;;;0,01;0,77;0,09;12032;12137;13876;87,47
22;80;Västernorrlands län;Härnösand;13,09;9,94;3,21;5,29;36,67;8,86;4,31;16,84;0,88;0,3;;;0,08;;0,01;0,07;;;0,01;0,01;0,02;0,13;0,1;0,04;0,02;;0,1;;;0,02;;;;0,01;0,01;0,86;0,06;16284;16438;18829;87,3
22;81;Västernorrlands län;Sundsvall;16,56;8,26;4,77;5,01;37,67;7,46;3,21;15,63;0,48;0,28;0;;0,1;0,01;;0,09;;;0,01;0,02;0,02;0,11;0,16;0,05;0;;0,07;;;0;;;;0,01;0,04;0,74;0,06;65922;66479;75358;88,22
22;82;Västernorrlands län;Kramfors;9,32;12,46;2,05;3,98;41,07;11,79;1,87;15,76;0,51;0,4;0,01;;0,01;0,02;;0,09;;;;;0,09;0,18;0,07;0,04;0,22;;0,07;;;;;;;0,01;0,03;1,02;0,06;12066;12201;14153;86,21
22;83;Västernorrlands län;Sollefteå;8,96;12,84;1,6;4,35;35,25;15,3;1,5;18,66;0,45;0,4;0,01;;0,04;0,02;;0,12;;;;0,01;0,06;0,31;0,04;0,02;;;0,06;;;0,01;;;;;0,16;0,96;0,02;12631;12778;14780;86,45
22;84;Västernorrlands län;Örnsköldsvik;12,74;12,07;2,69;7,19;44,59;5,91;2,22;11,45;0,18;0,31;0;;0,07;0,01;;0,05;;;0,01;0,02;0,07;0,17;0,1;0,02;0,01;;0,07;;;0,01;;;;0,02;0,04;0,91;0,05;37786;38164;43087;88,57
23;3;Jämtlands län;Ragunda;7,89;14,8;1,65;3,98;37,52;9,23;1,54;20,89;0,49;0,38;0,06;;0,09;0,03;;0,06;;;;;;1,13;0,06;0,03;;;0,12;;;;;;;0,06;;1,35;0,03;3446;3494;4091;85,41
23;5;Jämtlands län;Bräcke;12,44;14,19;1,45;3,9;38,15;7,43;1,4;19,2;0,39;0,27;;;0,31;0,05;;0,15;;;;;;0,41;0,17;0,02;;;0,07;;;;;;;;0,05;1,22;0,02;4131;4185;4921;85,04
23;9;Jämtlands län;Krokom;14,11;18,71;2,32;5,62;31,09;8,32;3,12;15,58;0,24;0,3;0,01;;0,11;;;0,07;;;0,01;0,01;0,01;0,21;0,1;;;;0,05;;;;;;;;0,01;1,29;0,04;9391;9519;10751;88,54
23;13;Jämtlands län;Strömsund;10,22;12,66;1,07;4,11;41,08;7,71;1,43;20,76;0,24;0,2;0,03;;0,03;0,01;;0,07;;;;0,03;0,05;0,11;0,04;;;;0,15;;;;;;;0,01;0,03;1,36;0,08;7475;7586;8989;84,39
23;21;Jämtlands län;Åre;15,44;21,61;2,7;4,77;26,19;8,25;6,18;13,16;0,42;0,23;;;0,05;0,04;0,01;0,12;;;;;0,11;0,34;0,22;0,03;;;0,08;;;;;;;0,03;0,04;1,11;0,03;7297;7384;8330;88,64
23;26;Jämtlands län;Berg;15,27;16,9;1,67;4,56;32;6,29;2,23;19,65;0,37;0,2;;;0,04;0,09;;0,22;;;;;;0,43;0,09;;;;;;;;;;;;0,02;0,99;0,04;4610;4659;5443;85,6
23;61;Jämtlands län;Härjedalen;13,98;13,93;2,78;4,3;34,93;7,11;1,88;18,78;0,37;0,39;;;0,04;0,01;;0,03;;;;0,04;0,01;1,28;;0,01;;;0,01;;;0,04;;;;0,04;;1,08;0,03;6697;6772;8016;84,48
23;80;Jämtlands län;Östersund;15,59;14,22;3,71;5,07;33,31;9,08;4,41;13,29;0,54;0,25;;;0,07;0,01;;0,09;;;0,01;0,01;0,02;0,05;0,18;0,02;;;0,07;;;0;;0;;0;0,03;0,89;0,07;42176;42597;48471;87,88
24;1;Västerbottens län;Nordmaling;12,95;13,57;3,26;5,86;35,91;9,15;1,7;16,32;0,26;0,45;;;0,02;0,02;;0,15;;;;;;0,04;0,04;0,04;0,04;;0,17;;;;;;;0,02;0,02;0,87;0,09;4656;4702;5478;85,83
24;3;Västerbottens län;Bjurholm;17,9;14,68;4,98;7,62;29,24;5,04;1,45;18,65;0,06;0,25;;;;;;;;;;;;;0,06;;;;;;;;;;;0,06;;0,94;;1587;1602;1886;84,94
24;4;Västerbottens län;Vindeln;14,84;14,57;2,68;7,34;32,44;8,13;2,01;16,03;0,52;0,29;;;0,2;;;0,15;;;0,12;;0,15;0,15;;0,03;;;0,29;;;;;;;0,06;0,06;0,75;0,03;3431;3460;4073;84,95
24;9;Västerbottens län;Robertsfors;10,54;18,51;2,38;5,03;37,94;10,34;2,7;10,92;0,71;0,49;;;0,04;;;0,04;;;0,02;;0,04;0,11;0,09;;;;0,09;;;;;;;;0,02;0,77;0,02;4489;4526;5195;87,12
24;17;Västerbottens län;Norsjö;7,9;10,79;4,03;9,23;42,18;10,05;1,06;12,98;0,27;0,51;;;0,12;;;0,04;;;;;0,08;0,51;;;;;0,2;;;;;;;0,08;;1,23;0,08;2558;2592;3092;83,83
24;18;Västerbottens län;Malå;8,98;8,01;3,88;5,61;42,99;14,18;1,02;14,43;0,2;0,1;;;0,05;;;;;;;;;0,51;0,05;;;;;;;;;;;;0,05;1,65;0,05;1961;1996;2347;85,04
24;21;Västerbottens län;Storuman;12,08;10,95;3,47;7,87;34,39;10,87;2,05;16,97;0,45;0,16;;;0,05;;;0,13;;;;0,05;0,16;0,32;;;;;0,03;;;;;;;;0,03;1,48;;3800;3858;4637;83,2
24;22;Västerbottens län;Sorsele;10,96;12,22;1,92;6,94;35,67;12,75;1,98;15,46;0,53;0,07;;;0,07;;;;;;0,07;;;0,73;0,53;;0,13;;;;;;;;;;0,13;2,38;;1514;1553;1922;80,8
24;25;Västerbottens län;Dorotea;6,16;14,88;3,6;4,88;43,78;10,64;1,22;12,33;0,58;0,06;;;;;;;;;;;0,06;1,57;0,12;;;;0,12;;;;;;;;0,06;1,94;0,06;1720;1756;2076;84,59
24;60;Västerbottens län;Vännäs;12,72;13,05;2,81;6,02;34,62;13,13;3,08;13,18;0,41;0,25;;;0,14;0,02;;0,05;;;0,02;0,02;0,21;0,04;0,11;0,05;;;0,05;;;0,02;;;;;0,04;0,51;0,07;5615;5650;6523;86,62
24;62;Västerbottens län;Vilhelmina;7,47;14,24;1,81;7,29;37,29;10,79;1,12;16,27;2,24;0,43;;;0,07;0,02;;0,05;;;0,05;;0,11;0,53;;0,07;;;0,16;;;;;;;;;1,06;0,11;4376;4428;5244;84,44
24;63;Västerbottens län;Åsele;8,7;16,68;2,66;4,76;40,28;8,64;1,11;15,51;0,44;0,28;;;0,11;0,06;;;;;;;;0,61;0,06;;;;0,11;;;;;;;;0,05;1,04;;1805;1825;2138;85,36
24;80;Västerbottens län;Umeå;15,36;9,51;4,7;4,48;34,53;15,66;5,46;8,58;0,72;0,36;0;;0,09;0,03;;0,05;;;0,01;0,04;0,03;0,02;0,22;0,03;0;;0,1;;;0;;;;0,01;0,03;0,58;0,04;84574;85125;95033;89,57
24;81;Västerbottens län;Lycksele;14,41;7,31;3,81;9,67;38,94;9,45;1,44;13,79;0,26;0,19;;;0,04;0,1;;0,01;;;0,01;;0,03;0,39;0,05;0,03;0,04;;0,03;;;0,01;;;;;0,03;0,95;0,1;7787;7872;9321;84,45
24;82;Västerbottens län;Skellefteå;11,95;8,83;3,38;4,88;45,31;9,76;3,03;11,66;0,45;0,25;0;;0,08;0,01;;0,06;;;0,01;0,04;0,08;0,03;0,12;0,02;0;;0,05;;;0;;;;0;0,01;1;0,04;48964;49483;56313;87,87
25;5;Norrbottens län;Arvidsjaur;9,29;9,34;3,59;3,9;44,65;10,56;0,93;16,43;0,24;0,24;0,07;;0,02;;;0,05;;;;;;0,38;0,17;;;;0,12;;;;;;;;0,07;1,46;;4175;4240;4963;85,43
25;6;Norrbottens län;Arjeplog;8,86;7,72;2,88;7,18;35,18;14,3;2,07;20,28;0,38;0,27;;;;;;;;;;;;0,82;0,05;;;;;;;;;;;;0,05;1,23;0,11;1839;1865;2219;84,05
25;10;Norrbottens län;Jokkmokk;8,33;5,2;2,66;3,87;40,3;14,59;7,09;16,82;0,62;0,15;;;0,03;;;;;;;;;0,06;;0,03;0,03;;0,19;;;;;;;;0,03;1,04;;3228;3263;3913;83,39
25;13;Norrbottens län;Överkalix;7,81;8,79;2,1;3,44;46,68;10,49;1,07;18,34;0,22;0,4;;;;0,04;;0,04;;;;;0,04;0,09;0,13;0,13;;;0,13;;;;;;;0,04;;1,28;;2241;2270;2667;85,11
25;14;Norrbottens län;Kalix;11,71;6,42;2,87;3,58;45,37;7,88;2,79;18,37;0,24;0,25;0,05;;0,06;;;0,06;;;;;;0,22;0,06;0,01;;;0,05;;;0,01;;;;;0,06;1,16;0,04;10971;11111;12765;87,04
25;18;Norrbottens län;Övertorneå;9,61;16,29;1,71;5,39;39,5;9,38;1,33;16,18;0,15;0,19;;;0,04;;;;;;;;0,11;;;0,08;;;0,04;;;;;;;;;0,68;0,04;2633;2652;3273;81,03
25;21;Norrbottens län;Pajala;9,43;5,07;1,5;7,38;37,66;20,01;1,44;16,47;0,26;0,21;;;0,03;0,03;;0,05;;;;0,03;0,08;0,16;0,05;;;;0,05;;;0,11;;;;;;0,78;0,1;3808;3842;4720;81,4
25;23;Norrbottens län;Gällivare;12,23;3,68;2,03;3,3;41,95;12,86;2,47;20,42;0,24;0,17;0,02;;0,09;;;0,03;;;;;0,01;0,17;0,1;0,04;0,09;;0,1;;;0,01;;;0,01;;0,06;0,95;0,05;11464;11587;14081;82,29
25;60;Norrbottens län;Älvsbyn;8,56;9,03;3,02;4,64;44,82;10,74;1,23;16,62;0,23;0,4;;;0,04;;;0,08;;;;;0,02;0,45;0,04;0,06;;;0,06;;;;;;;;0,02;0,64;0,09;5306;5346;6257;85,44
25;80;Norrbottens län;Luleå;15,38;7,53;4,37;4,78;38,97;10,47;3,57;13,36;0,41;0,31;0;;0,09;0,02;;0,03;;;0,01;0,02;0,05;0,16;0,2;0,04;;;0,23;;;0;;;;0,01;0,03;0,69;0,04;53182;53589;60185;89,04
25;81;Norrbottens län;Piteå;11,82;7,49;2,52;4,8;47,48;10,56;2,42;11,81;0,4;0,2;;;0,06;;;0,05;;;;0,01;0,07;0,05;0,14;0,01;0,01;;0,09;;;0,03;;;;0;0,03;0,61;0,02;29523;29719;33094;89,8
25;82;Norrbottens län;Boden;14,32;6,23;3,61;4,61;41,76;8,1;2,22;17,76;0,5;0,29;;0,01;0,07;0,02;;0,06;;;;0,02;0,05;0,05;0,13;0,09;0,01;;0,09;;;;;;;0,02;0,03;0,84;0,07;19110;19291;21934;87,95
25;83;Norrbottens län;Haparanda;12,79;9,61;1,86;5,32;36,69;5,91;1,77;24,47;0,48;0,75;;;0,09;0,02;;0,02;;;;0,02;0,05;0,02;0,07;;;;0,07;;;;;;;;0,04;1,01;0,11;4402;4454;6120;72,78
25;84;Norrbottens län;Kiruna;10,71;5,38;2,51;4,91;38,23;13,46;2,83;19,69;0,83;0,3;0,02;;0,13;0,01;;0,06;;;;0,06;0,39;0,16;0,16;0,05;;;0,04;;;0,01;;;0,05;0,02;0,16;1,09;0,05;14796;14991;17468;85,82
